profile_url,name,jersey_name,full_name,date_of_birth,,place_of_birth,,,,
https://www.transfermarkt.us/tim-cahill/profil/spieler/13556,Tim Cahill,Cahill,Timothy Filiga Cahill,6-Dec-79,,Sydney,,,,
https://www.transfermarkt.us/damian-mori/profil/spieler/17299,Damian Mori,Mori,,30-Sep-70,,Melbourne,,,,
https://www.transfermarkt.us/george-smith/profil/spieler/604920,George Smith,Smith,,,,,,,,
https://www.transfermarkt.us/archie-thompson/profil/spieler/13148,Archie Thompson,Thompson,Archibald Gerald Thompson,23-Oct-78,,Otorohanga,,,,
https://www.transfermarkt.us/john-aloisi/profil/spieler/7741,John Aloisi,Aloisi,,5-Feb-76,,Adelaide,,,,
https://www.transfermarkt.us/attila-abonyi/profil/spieler/143076,Attila Abonyi,Abonyi,,16-Aug-46,,Budapest,,,,
https://www.transfermarkt.us/john-kosmina/profil/spieler/437022,John Kosmina,Kosmina,Alexander John Kosmina,17-Aug-56,,Adelaide,,,,
https://www.transfermarkt.us/david-zdrilic/profil/spieler/462,David Zdrilic,Zdrilic,David Allen Zdrilic,13-Apr-74,,Sydney,,,,
https://www.transfermarkt.us/brett-emerton/profil/spieler/4367,Brett Emerton,Emerton,Brett Michael Emerton,22-Feb-79,,Sydney,,,,
https://www.transfermarkt.us/mile-jedinak/profil/spieler/28336,Mile Jedinak,Jedinak,Michael John Jedinak,3-Aug-84,,Sydney,,,,
https://www.transfermarkt.us/gary-cole/profil/spieler/625726,Gary Cole,Cole,,5-Feb-56,,,,,,
https://www.transfermarkt.us/joshua-kennedy/profil/spieler/701,Joshua Kennedy,Kennedy,Joshua Blake Kennedy,20-Aug-82,,Wodonga,,,,
https://www.transfermarkt.us/graham-arnold/profil/spieler/158582,Graham Arnold,Arnold,Graham James Arnold,3-Aug-63,,Sydney,,,,
https://www.transfermarkt.us/aurelio-vidmar/profil/spieler/129623,Aurelio Vidmar,Vidmar,,3-Feb-67,,Adelaide,,,,
https://www.transfermarkt.us/harry-kewell/profil/spieler/3241,Harry Kewell,Kewell,Harold Kewell,22-Sep-78,,"Smithfield, Sydney",,,,
https://www.transfermarkt.us/ray-baartz/profil/spieler/176272,Ray Baartz,Baartz,Raymond Henry Baartz,6-Mar-47,,Newcastle,,,,
https://www.transfermarkt.us/eddie-krncevic/profil/spieler/114167,Eddie Krncevic,Krncevic,Edward Krncevic,14-Aug-60,,Geelong,,,,
https://www.transfermarkt.us/mathew-leckie/profil/spieler/126214,Mathew Leckie,Leckie,Mathew Allan Leckie,,,Melbourne,,,,
https://www.transfermarkt.us/frank-farina/profil/spieler/129611,Frank Farina,Farina,,5-Sep-64,,Darwin,,,,
https://www.transfermarkt.us/judy-masters/profil/spieler/604224,Judy Masters,Masters,James William Masters,"May 21, 1892",,Balgownie,,,,
https://www.transfermarkt.us/frank-parsons/profil/spieler/612957,Frank Parsons,Parsons,,,,,,,,
https://www.transfermarkt.us/mark-bresciano/profil/spieler/5867,Mark Bresciano,Bresciano,,11-Feb-80,,Melbourne,,,,
https://www.transfermarkt.us/paul-trimboli/profil/spieler/201886,Paul Trimboli,Trimboli,,25-Feb-69,,Melbourne,,,,
https://www.transfermarkt.us/jack-hughes/profil/spieler/604903,Jack Hughes,Hughes,,,,,,,,
https://www.transfermarkt.us/scott-chipperfield/profil/spieler/2894,Scott Chipperfield,Chipperfield,,30-Dec-75,,Wollongong,,,,
https://www.transfermarkt.us/mitchell-duke/profil/spieler/177775,Mitchell Duke,Duke,,18-Jan-91,,Liverpool,,,,
https://www.transfermarkt.us/jackson-irvine/profil/spieler/192557,Jackson Irvine,Irvine,,7-Mar-93,,Melbourne,,,,
https://www.transfermarkt.us/dave-harding/profil/spieler/143082,Dave Harding,Harding,,14-Aug-46,,Liverpool,,,,
https://www.transfermarkt.us/mark-viduka/profil/spieler/3242,Mark Viduka,Viduka,,9-Oct-75,,Melbourne,,,,
https://www.transfermarkt.us/harry-souttar/profil/spieler/298091,Harry Souttar,Souttar,Harry James Souttar,22-Oct-98,,Aberdeen,,,,
https://www.transfermarkt.us/dave-mitchell/profil/spieler/110321,Dave Mitchell,Mitchell,David Stuart Mitchell,13-Jun-62,,Glasgow,,,,
https://www.transfermarkt.us/kris-trajanovski/profil/spieler/202162,Kris Trajanovski,Trajanovski,,19-Feb-72,,"Geelong, Victoria",,,,
https://www.transfermarkt.us/tom-rogic/profil/spieler/213672,Tom Rogic,Rogic,Tomas Petar Rogic,16-Dec-92,,Griffith,,,,
https://www.transfermarkt.us/kevin-muscat/profil/spieler/9409,Kevin Muscat,Muscat,Kevin Vincent Muscat,7-Aug-73,,Crawley,,,,
https://www.transfermarkt.us/paul-agostino/profil/spieler/545,Paul Agostino,Agostino,,9-Jun-75,,Adelaide,,,,
https://www.transfermarkt.us/josip-skoko/profil/spieler/7266,Josip Skoko,Skoko,,10-Dec-75,,Mount Gambier,,,,
https://www.transfermarkt.us/johnny-warren/profil/spieler/614573,Johnny Warren,Warren,John Norman Warren,17-May-43,,Randwick,,,,
https://www.transfermarkt.us/martin-boyle/profil/spieler/140554,Martin Boyle,Boyle,,25-Apr-93,,Aberdeen,,,,
https://www.transfermarkt.us/awer-mabil/profil/spieler/255729,Awer Mabil,Mabil,Awer Bul Mabil,15-Sep-95,,Kakuma,,,,
https://www.transfermarkt.us/craig-foster/profil/spieler/202139,Craig Foster,Foster,Craig Andrew Foster,15-Apr-69,,Lismore,,,,
https://www.transfermarkt.us/carl-veart/profil/spieler/43111,Carl Veart,Veart,,21-May-70,,Whyalla,,,,
https://www.transfermarkt.us/luke-wilkshire/profil/spieler/3321,Luke Wilkshire,Wilkshire,,2-Oct-81,,Wollongong,,,,
https://www.transfermarkt.us/tony-popovic/profil/spieler/14058,Tony Popovic,Popovic,,4-Jul-73,,Sydney,,,,
https://www.transfermarkt.us/brett-holman/profil/spieler/21496,Brett Holman,Holman,Brett Trevor Holman,27-Mar-84,,Bankstown,,,,
https://www.transfermarkt.us/mile-sterjovski/profil/spieler/5656,Mile Sterjovski,Sterjovski,???? ??????????,27-May-79,,Wollongong,,,,
https://www.transfermarkt.us/tomi-juric/profil/spieler/171820,#9 Tomi Juric,Juric,,22-Jul-91,,"Auburn, New South ...",,,,
https://www.transfermarkt.us/jamie-maclaren/profil/spieler/173591,#29 Jamie Maclaren,Maclaren,,29-Jul-93,,Melbourne,,,,
https://www.transfermarkt.us/peter-sharne/profil/spieler/625532,Peter Sharne,Sharne,,22-Mar-56,,,,,,
https://www.transfermarkt.us/tommy-mccoll/profil/spieler/615262,Tommy McColl,McColl,Thomas Gunn McColl,19-Sep-45,,Glasgow,,,,
https://www.transfermarkt.us/alec-cameron/profil/spieler/604919,Alec Cameron,Cameron,,,,,,,,
