rank,name,full_name,appearances,goals,assists,minutes_played,period,jersey_name,jersey_number,yellow_cards,red_cards,club,position,height,nation,nation_code,profile_url,image_url,club_logo_url,date_of_birth,place_of_birth,status
1,Javier Morales,Javier Damián Morales,292,60,85,23.541,N/A,Morales,Unknown,45,1,Real Salt Lake City,Midfield - Attacking Midfield,"1,74 m",Argentina,ar,https://www.transfermarkt.us/javier-morales/profil/spieler/30886,https://img.a.transfermarkt.technology/portrait/small/30886-1489572648.jpg?lm=1,N/A,10.01.1980,Lomas de Zamora,Retired
2,Joao Plata,Joao Jimmy Plata Cotera,201,53,39,13.515,N/A,Plata,11,7,0,Real Salt Lake City,Attack - Left Winger,"1,60 m",Ecuador,ec,https://www.transfermarkt.us/joao-plata/profil/spieler/179319,https://img.a.transfermarkt.technology/portrait/small/179319-1549875585.jpg?lm=1,N/A,01.03.1992,Guayaquil,Without Club
3,Jefferson Savarino,Jefferson David Savarino Quintero,142,40,30,11.787,N/A,Savarino,-,9,1,Real Salt Lake City,Midfield - Attacking Midfield,"1,68 m",Venezuela,ve,https://www.transfermarkt.us/jefferson-savarino/profil/spieler/309193,https://img.a.transfermarkt.technology/portrait/small/309193-1678299144.jpg?lm=1,N/A,11.11.1996,Maracaibo,Botafogo de Futebol e Regatas
4,Kyle Beckerman,Kyle Robert Beckerman,408,33,29,34.997,N/A,Beckerman,15,107,6,Real Salt Lake City,Midfield - Defensive Midfield,"1,77 m",United States,us,https://www.transfermarkt.us/kyle-beckerman/profil/spieler/26995,https://img.a.transfermarkt.technology/portrait/small/26995-1584044065.JPG?lm=1,N/A,23.04.1982,"Crofton, Maryland",Retired
5,Andy Williams,Andrew Williams,214,16,29,13.225,N/A,Williams,9,25,3,Real Salt Lake City,Midfield - Attacking Midfield,"1,73 m",Jamaica,jm,https://www.transfermarkt.us/andy-williams/profil/spieler/15528,https://img.a.transfermarkt.technology/portrait/small/15528-1587802551.jpg?lm=1,N/A,23.09.1977,"Toronto, Ontario",Retired
6,Albert Rusnák,Unknown,146,42,29,12.509,N/A,Rusnák,10,12,0,Real Salt Lake City,Midfield - Attacking Midfield,"1,80 m",Slovakia,sk,https://www.transfermarkt.us/albert-rusnak/profil/spieler/43228,https://img.a.transfermarkt.technology/portrait/small/43228-1740863377.jpg?lm=1,N/A,07.07.1994,Vyškov,Seattle Sounders FC
7,Edgar Espíndola,Edgar Fabián Espíndola,152,38,20,10.356,N/A,Espíndola,Unknown,27,3,Real Salt Lake City,Attack - Centre-Forward,"1,75 m",Argentina,ar,https://www.transfermarkt.us/edgar-espindola/profil/spieler/59528,https://img.a.transfermarkt.technology/portrait/small/59528-1471506461.png?lm=1,N/A,04.05.1985,Merlo,Retired
8,Damir Kreilach,Unknown,168,56,19,13.056,N/A,Kreilach,-,28,1,Real Salt Lake City,Midfield - Central Midfield,"1,86 m",Croatia,hr,https://www.transfermarkt.us/damir-kreilach/profil/spieler/68884,https://img.a.transfermarkt.technology/portrait/small/68884-1740765567.jpg?lm=1,N/A,16.04.1989,Vukovar,Vancouver Whitecaps FC
9,Justin Meram,جستن حكمت عزيز ميرام,96,8,19,5.196,N/A,Meram,7,11,1,Real Salt Lake City,Attack - Left Winger,"1,85 m",Iraq,iq,https://www.transfermarkt.us/justin-meram/profil/spieler/175387,https://img.a.transfermarkt.technology/portrait/small/175387-1678298731.jpg?lm=1,N/A,04.12.1988,"Shelby Township, Michigan",Des Moines Menace
10,Aarón Herrera,Aarón Joseph Herrera,136,2,16,11.636,N/A,Herrera,2,28,1,Real Salt Lake City,Defender - Right-Back,"1,80 m",Guatemala,gt,https://www.transfermarkt.us/aaron-herrera/profil/spieler/401362,https://img.a.transfermarkt.technology/portrait/small/401362-1740674147.jpg?lm=1,N/A,06.06.1997,"Las Cruces, New Mexico",D.C. United
11,Maikel Chang,Maikel Chang Ramírez,138,7,15,6.085,N/A,Chang,-,9,0,Real Salt Lake City,Attack - Right Winger,"1,77 m",Cuba,cu,https://www.transfermarkt.us/maikel-chang/profil/spieler/259271,https://img.a.transfermarkt.technology/portrait/small/259271-1678294479.jpg?lm=1,N/A,18.04.1991,La Habana,Without Club
12,Carlos Andrés Gómez,Carlos Andrés Gómez Hinestroza,65,15,15,4.022,N/A,Gómez,11,11,0,Real Salt Lake City,Attack - Right Winger,"1,71 m",Colombia,co,https://www.transfermarkt.us/carlos-andres-gomez/profil/spieler/957461,https://img.a.transfermarkt.technology/portrait/small/957461-1711315579.jpg?lm=1,N/A,12.09.2002,Quibdó,Stade Rennais FC
13,Ned Grabavoy,Unknown,196,11,15,13.845,N/A,Grabavoy,-,19,1,Real Salt Lake City,Midfield - Left Midfield,"1,70 m",United States,us,https://www.transfermarkt.us/ned-grabavoy/profil/spieler/39469,https://img.a.transfermarkt.technology/portrait/small/39469-1662245184.jpg?lm=1,N/A,01.07.1983,"Joliet, Illinois",Retired
14,Luke Mulholland,Unknown,138,16,14,9.560,N/A,Mulholland,Unknown,24,1,Real Salt Lake City,Midfield - Central Midfield,"1,80 m",England,unknown,https://www.transfermarkt.us/luke-mulholland/profil/spieler/101399,https://img.a.transfermarkt.technology/portrait/small/101399-1584044367.jpg?lm=1,N/A,07.08.1988,Preston,Retired
15,Álvaro Saborío,Álvaro Alberto Saborío Chacón,157,79,14,12.377,N/A,Saborío,9,23,0,Real Salt Lake City,Attack - Centre-Forward,"1,86 m",Costa Rica,cr,https://www.transfermarkt.us/alvaro-saborio/profil/spieler/35378,https://img.a.transfermarkt.technology/portrait/small/35378-1719000397.jpg?lm=1,N/A,25.03.1982,Quesada,Retired
16,Robbie Findley,Robert Findley,161,42,13,9.024,N/A,Findley,-,6,0,Real Salt Lake City,Attack - Centre-Forward,"1,75 m",United States,us,https://www.transfermarkt.us/robbie-findley/profil/spieler/27167,https://img.a.transfermarkt.technology/portrait/small/27167-1589276629.jpg?lm=1,N/A,04.08.1985,"Phoenix, Arizona",Retired
17,Corey Baird,Corey Jacob Baird,90,15,13,6.002,N/A,Baird,18,16,0,Real Salt Lake City,Attack - Centre-Forward,"1,78 m",United States,us,https://www.transfermarkt.us/corey-baird/profil/spieler/336182,https://img.a.transfermarkt.technology/portrait/small/336182-1741200476.jpg?lm=1,N/A,30.01.1996,"Poway, California",FC Cincinnati
18,Sebastián Saucedo,Sebastián Saucedo Mondragón,90,6,12,3.210,N/A,Saucedo,10,9,1,Real Salt Lake City,Attack - Left Winger,"1,73 m",United States,us,https://www.transfermarkt.us/sebastian-saucedo/profil/spieler/345624,https://img.a.transfermarkt.technology/portrait/small/345624-1549876032.jpg?lm=1,N/A,22.01.1997,"San Fernando Valley, California",FC Juárez
19,Chris Wingert,Christopher Wingert,289,3,12,23.907,N/A,Wingert,-,51,1,Real Salt Lake City,Defender - Left-Back,"1,78 m",United States,us,https://www.transfermarkt.us/chris-wingert/profil/spieler/26859,https://img.a.transfermarkt.technology/portrait/small/26859-1489535091.jpg?lm=1,N/A,16.06.1982,"Babylon, New York",Retired
20,Pablo Ruiz,Pablo Enrique Ruiz,130,7,12,9.254,N/A,Ruiz,-,30,0,Real Salt Lake City,Midfield - Central Midfield,"1,72 m",Argentina,ar,https://www.transfermarkt.us/pablo-ruiz/profil/spieler/401580,https://img.a.transfermarkt.technology/portrait/small/401580-1740418508.jpg?lm=1,N/A,20.12.1998,Comodoro Rivadavia,Real Salt Lake City
21,Yura Movsisyan,Յուրա Մովսիսյան,122,32,12,7.734,N/A,Movsisyan,14,9,0,Real Salt Lake City,Attack - Centre-Forward,"1,81 m",Armenia,am,https://www.transfermarkt.us/yura-movsisyan/profil/spieler/39280,https://img.a.transfermarkt.technology/portrait/small/39280-1538654982.png?lm=1,N/A,02.08.1987,Baku,Retired
22,Rubio Rubín,Rubio Yovani Méndez-Rubín,93,12,11,5.014,N/A,Rubín,23,3,0,Real Salt Lake City,Attack - Centre-Forward,"1,80 m",Guatemala,gt,https://www.transfermarkt.us/rubio-rubin/profil/spieler/331282,https://img.a.transfermarkt.technology/portrait/small/331282-1678299067.jpg?lm=1,N/A,01.03.1996,"Beaverton, Oregon",Without Club
23,Andrew Brody,Unknown,133,2,11,9.945,N/A,Brody,Unknown,6,0,Real Salt Lake City,Defender - Left-Back,"1,78 m",United States,us,https://www.transfermarkt.us/andrew-brody/profil/spieler/415663,https://img.a.transfermarkt.technology/portrait/small/415663-1741026183.jpg?lm=1,N/A,03.05.1995,"Orlando, Florida",Sporting Kansas City
24,Tony Beltran,Anthony Benjamin Beltran,286,3,10,24.086,N/A,Beltran,-,40,1,Real Salt Lake City,Defender - Right-Back,"1,73 m",United States,us,https://www.transfermarkt.us/tony-beltran/profil/spieler/54927,https://img.a.transfermarkt.technology/portrait/small/54927-1549874563.jpg?lm=1,N/A,11.10.1987,"Claremont, California",Retired
25,Olmes García,Olmes Fernando García Flórez,120,13,9,5.504,N/A,García,Unknown,15,1,Real Salt Lake City,Attack - Centre-Forward,"1,83 m",Colombia,co,https://www.transfermarkt.us/olmes-garcia/profil/spieler/189106,https://img.a.transfermarkt.technology/portrait/small/189106-1464103065.jpg?lm=1,N/A,21.10.1992,Barranquilla,Deportivo Coopsol
26,Clint Mathis,Unknown,72,5,9,5.013,N/A,Mathis,11,13,1,Real Salt Lake City,Midfield - Attacking Midfield,,United States,us,https://www.transfermarkt.us/clint-mathis/profil/spieler/15644,https://img.a.transfermarkt.technology/portrait/small/15644-1713983120.jpg?lm=1,N/A,25.11.1976,"Conyers, Georgia",Retired
27,Paulo Júnior,Paulo Morais de Araújo Júnior,47,7,9,1.860,N/A,Júnior,Unknown,0,0,Real Salt Lake City,Attack - Left Winger,"1,68 m",Brazil,br,https://www.transfermarkt.us/paulo-junior/profil/spieler/153423,https://img.a.transfermarkt.technology/portrait/small/153423-1586034398.jpg?lm=1,N/A,23.01.1989,Baueri,Retired
28,Anderson Julio,Anderson Andrés Julio Santos,129,28,9,4.815,N/A,Julio,11,7,0,Real Salt Lake City,Attack - Right Winger,"1,71 m",Ecuador,ec,https://www.transfermarkt.us/anderson-julio/profil/spieler/310640,https://img.a.transfermarkt.technology/portrait/small/310640-1740506395.jpg?lm=1,N/A,31.05.1996,Pimampiro,FC Dallas
29,Jeff Cunningham,Jeffrey Ricardo Cunningham,38,19,9,3.006,N/A,Cunningham,11,7,0,Real Salt Lake City,Attack - Centre-Forward,"1,73 m",United States,us,https://www.transfermarkt.us/jeff-cunningham/profil/spieler/15415,https://img.a.transfermarkt.technology/portrait/small/15415-1586203998.jpg?lm=1,N/A,21.08.1976,Montego Bay,Retired
30,Diego Luna,Diego Ángel Luna,86,17,9,5.173,N/A,Luna,-,9,0,Real Salt Lake City,Midfield - Left Midfield,"1,73 m",United States,us,https://www.transfermarkt.us/diego-luna/profil/spieler/880626,https://img.a.transfermarkt.technology/portrait/small/880626-1742221658.jpg?lm=1,N/A,07.09.2003,"Sunnyvale, California",Real Salt Lake City
31,Bryan Oviedo,Bryan Josué Oviedo Jiménez,56,0,8,3.498,N/A,Oviedo,8,7,0,Real Salt Lake City,Defender - Left-Back,"1,72 m",Costa Rica,cr,https://www.transfermarkt.us/bryan-oviedo/profil/spieler/124983,https://img.a.transfermarkt.technology/portrait/small/124983-1740585361.png?lm=1,N/A,18.02.1990,San José,LD Alajuelense
32,Brooks Lennon,Brooks Howard Lennon,92,3,8,6.331,N/A,Lennon,2,12,1,Real Salt Lake City,Defender - Right-Back,"1,77 m",United States,us,https://www.transfermarkt.us/brooks-lennon/profil/spieler/345627,https://img.a.transfermarkt.technology/portrait/small/345627-1740823024.jpg?lm=1,N/A,22.09.1997,"Paradise Valley, Arizona",Atlanta United FC
33,Chris Klein,Unknown,43,8,7,3.833,N/A,Klein,11,1,0,Real Salt Lake City,Midfield - Right Midfield,"1,85 m",United States,us,https://www.transfermarkt.us/chris-klein/profil/spieler/26864,https://img.a.transfermarkt.technology/portrait/small/26864-1586204087.jpg?lm=1,N/A,04.01.1976,"St. Louis, Missouri",Retired
34,Robbie Russell,Robert Isaac Oleen Russell,102,1,7,7.692,N/A,Russell,-,8,0,Real Salt Lake City,Defender - Right-Back,"1,88 m",United States,us,https://www.transfermarkt.us/robbie-russell/profil/spieler/26411,https://img.a.transfermarkt.technology/portrait/small/26411-1610567051.jpg?lm=1,N/A,16.07.1979,Accra,Retired
35,Cristian Arango,Cristian Daniel Arango Duque,52,25,7,3.678,N/A,Arango,9,12,0,Real Salt Lake City,Attack - Centre-Forward,"1,76 m",Colombia,co,https://www.transfermarkt.us/cristian-arango/profil/spieler/262999,https://img.a.transfermarkt.technology/portrait/small/262999-1740594756.jpg?lm=1,N/A,09.03.1995,Medellín,San Jose Earthquakes
36,Will Johnson,William David Johnson,146,12,7,12.153,N/A,Johnson,8,24,1,Real Salt Lake City,Midfield - Central Midfield,"1,78 m",Canada,ca,https://www.transfermarkt.us/will-johnson/profil/spieler/38215,https://img.a.transfermarkt.technology/portrait/small/38215-1550684460.jpg?lm=1,N/A,21.01.1987,"Toronto, Ontario",Retired
37,Carey Talley,Unknown,60,6,7,5.120,N/A,Talley,-,14,1,Real Salt Lake City,Defender - Right-Back,"1,88 m",United States,us,https://www.transfermarkt.us/carey-talley/profil/spieler/39437,https://img.a.transfermarkt.technology/portrait/small/39437-1589232977.jpg?lm=1,N/A,26.08.1976,"Memphis, Tennessee",Retired
38,Demar Phillips,Demar Constantine Phillips,73,0,6,5.637,N/A,Phillips,12,13,1,Real Salt Lake City,Defender - Left-Back,"1,68 m",Jamaica,jm,https://www.transfermarkt.us/demar-phillips/profil/spieler/58323,https://img.a.transfermarkt.technology/portrait/small/58323-1561124338.jpg?lm=1,N/A,23.09.1983,Kingston,Retired
39,Luis Gil,Luis Miguel Gil,157,12,6,9.238,N/A,Gil,16,5,0,Real Salt Lake City,Midfield - Attacking Midfield,"1,73 m",United States,us,https://www.transfermarkt.us/luis-gil/profil/spieler/131177,https://img.a.transfermarkt.technology/portrait/small/131177-1720298195.jpg?lm=1,N/A,14.11.1993,"Garden Grove, California",Spokane Velocity FC
40,Braian Ojeda,Braian Óscar Ojeda Rodríguez,94,2,5,7.150,N/A,Ojeda,23,15,0,Real Salt Lake City,Midfield - Central Midfield,"1,73 m",Paraguay,py,https://www.transfermarkt.us/braian-ojeda/profil/spieler/491596,https://img.a.transfermarkt.technology/portrait/small/491596-1740418369.jpg?lm=1,N/A,27.06.2000,Itauguá,Real Salt Lake City
41,Devon Sandoval,Devon Joseph Sandoval,87,11,5,4.281,N/A,Sandoval,Unknown,6,0,Real Salt Lake City,Attack - Centre-Forward,"1,86 m",United States,us,https://www.transfermarkt.us/devon-sandoval/profil/spieler/259724,https://img.a.transfermarkt.technology/portrait/small/259724-1587022734.jpg?lm=1,N/A,16.06.1991,"Albuquerque, New Mexico",Retired
42,Collen Warner,Unknown,43,1,5,1.814,N/A,Warner,Unknown,7,1,Real Salt Lake City,Midfield - Central Midfield,"1,78 m",United States,us,https://www.transfermarkt.us/collen-warner/profil/spieler/147418,https://img.a.transfermarkt.technology/portrait/small/147418-1647191505.jpg?lm=1,N/A,24.06.1988,"Denver, Colorado",Retired
43,Alexandros Katranis,Αλέξανδρος Κατράνης,39,3,5,2.559,N/A,Katranis,3,11,0,Real Salt Lake City,Defender - Left-Back,"1,74 m",Greece,gr,https://www.transfermarkt.us/alexandros-katranis/profil/spieler/324341,https://img.a.transfermarkt.technology/portrait/small/324341-1742221560.jpg?lm=1,N/A,04.05.1998,Volos,Real Salt Lake City
44,Danny Musovski,"Daniel Musovski, Дени Мусовски",38,9,5,1.735,N/A,Musovski,Unknown,3,0,Real Salt Lake City,Attack - Centre-Forward,"1,83 m",United States,us,https://www.transfermarkt.us/danny-musovski/profil/spieler/562494,https://img.a.transfermarkt.technology/portrait/small/562494-1740863187.jpg?lm=1,N/A,30.11.1995,"Henderson, Nevada",Seattle Sounders FC
45,Jason Kreis,Jason Clarence Kreis,58,17,5,4.952,N/A,Kreis,11,8,0,Real Salt Lake City,Attack - Right Winger,"1,78 m",United States,us,https://www.transfermarkt.us/jason-kreis/profil/spieler/39420,https://img.a.transfermarkt.technology/portrait/small/39420-1586203516.jpg?lm=1,N/A,29.12.1972,"Omaha, Nebraska",Retired
46,Dominik Marczuk,Unknown,15,1,4,965.000,N/A,Marczuk,2,0,0,Real Salt Lake City,Attack - Right Winger,"1,77 m",Poland,pl,https://www.transfermarkt.us/dominik-marczuk/profil/spieler/699488,https://img.a.transfermarkt.technology/portrait/small/699488-1742221688.jpg?lm=1,N/A,01.11.2003,Miedzyrzec Podlaski,Real Salt Lake City
47,Jasper Löffelsend,Unknown,59,2,4,3.089,N/A,Löffelsend,Unknown,10,0,Real Salt Lake City,Midfield - Central Midfield,"1,80 m",Germany,de,https://www.transfermarkt.us/jasper-loffelsend/profil/spieler/443391,https://img.a.transfermarkt.technology/portrait/small/443391-1741027387.jpg?lm=1,N/A,10.09.1997,Köln,San Diego FC
48,Bode Hidalgo,Bode Shane Davis,73,1,4,3.840,N/A,Hidalgo,Unknown,7,0,Real Salt Lake City,Defender - Right-Back,"1,80 m",United States,us,https://www.transfermarkt.us/bode-hidalgo/profil/spieler/763768,https://img.a.transfermarkt.technology/portrait/small/763768-1711315428.jpg?lm=1,N/A,22.02.2002,"Sandy, Utah",Real Salt Lake City
49,Atiba Harris,Atiba Erasto Harris,43,4,4,2.405,N/A,Harris,15,11,0,Real Salt Lake City,Defender - Centre-Back,"1,94 m",St. Kitts & Nevis,unknown,https://www.transfermarkt.us/atiba-harris/profil/spieler/39415,https://img.a.transfermarkt.technology/portrait/small/39415-1561303430.jpg?lm=1,N/A,09.01.1985,Basseterre,Retired
50,Nelson González,Nelson Ezequiel González,23,2,4,749.000,N/A,González,Unknown,3,0,Real Salt Lake City,Midfield - Defensive Midfield,"1,67 m",Argentina,ar,https://www.transfermarkt.us/nelson-gonzalez/profil/spieler/67811,https://img.a.transfermarkt.technology/portrait/small/default.jpg?lm=1,N/A,22.09.1988,Buenos Aires,Retired
51,Juan Manuel Martínez,Juan Manuel Martínez,47,10,4,3.755,N/A,Martínez,-,3,0,Real Salt Lake City,Attack - Right Winger,"1,77 m",Argentina,ar,https://www.transfermarkt.us/juan-manuel-martinez/profil/spieler/26457,https://img.a.transfermarkt.technology/portrait/small/26457-1464103802.jpg?lm=1,N/A,25.10.1985,Viedma,Club de Lyon FC
52,Nat Borchers,Unknown,244,11,4,21.769,N/A,Borchers,-,20,5,Real Salt Lake City,Defender - Centre-Back,"1,89 m",United States,us,https://www.transfermarkt.us/nat-borchers/profil/spieler/26961,https://img.a.transfermarkt.technology/portrait/small/26961-1692725414.jpg?lm=1,N/A,13.04.1981,"Tucson, Arizona",Retired
53,Matt Crooks,Matt Davidson Rider Crooks,33,3,4,2.215,N/A,Crooks,Unknown,8,0,Real Salt Lake City,Midfield - Attacking Midfield,"1,91 m",England,unknown,https://www.transfermarkt.us/matt-crooks/profil/spieler/169416,https://img.a.transfermarkt.technology/portrait/small/169416-1711315979.jpg?lm=1,N/A,20.01.1994,Leeds,Hull City
54,Jean-Marc Alexandre,Unknown,46,2,3,1.544,N/A,Alexandre,-,7,0,Real Salt Lake City,Midfield - Defensive Midfield,"1,80 m",Haiti,ht,https://www.transfermarkt.us/jean-marc-alexandre/profil/spieler/105972,https://img.a.transfermarkt.technology/portrait/small/105972-1610567302.jpg?lm=1,N/A,24.08.1986,Verrettes,Retired
55,Brayan Vera,Brayan Emanuel Vera Ramírez,65,5,3,5.516,N/A,Vera,16,25,1,Real Salt Lake City,Defender - Centre-Back,"1,80 m",Colombia,co,https://www.transfermarkt.us/brayan-vera/profil/spieler/642967,https://img.a.transfermarkt.technology/portrait/small/642967-1740418597.jpg?lm=1,N/A,15.01.1999,San Luis,Real Salt Lake City
56,Abdoulie Mansally,Unknown,59,1,3,3.626,N/A,Mansally,2,11,2,Real Salt Lake City,Defender - Left-Back,"1,80 m",The Gambia,unknown,https://www.transfermarkt.us/abdoulie-mansally/profil/spieler/59479,https://img.a.transfermarkt.technology/portrait/small/59479-1561141542.jpg?lm=1,N/A,29.01.1989,Banjul,Without Club
57,Èverton Luiz,Unknown,86,0,3,5.767,N/A,Èverton Luiz,Unknown,22,1,Real Salt Lake City,Midfield - Defensive Midfield,"1,73 m",Brazil,br,https://www.transfermarkt.us/everton-luiz/profil/spieler/75076,https://img.a.transfermarkt.technology/portrait/small/75076-1714737848.png?lm=1,N/A,24.05.1988,Porto Alegre,SK Beveren
58,Luis Silva,Luis Saúl Silva López,62,12,3,3.246,N/A,Silva,Unknown,5,0,Real Salt Lake City,Attack - Centre-Forward,"1,83 m",United States,us,https://www.transfermarkt.us/luis-silva/profil/spieler/213001,https://img.a.transfermarkt.technology/portrait/small/213001-1566577240.jpg?lm=1,N/A,12.10.1988,"Los Angeles, California",Retired
59,Sunny,Unknown,64,1,3,4.397,N/A,Sunny,-,19,0,Real Salt Lake City,Midfield - Defensive Midfield,"1,80 m",Nigeria,ng,https://www.transfermarkt.us/sunny/profil/spieler/51479,https://img.a.transfermarkt.technology/portrait/small/51479-1489535493.jpg?lm=1,N/A,17.09.1988,Lagos,Retired
60,Chris Schuler,Unknown,113,7,3,9.458,N/A,Schuler,Unknown,16,0,Real Salt Lake City,Defender - Centre-Back,"1,93 m",United States,us,https://www.transfermarkt.us/chris-schuler/profil/spieler/145502,https://img.a.transfermarkt.technology/portrait/small/145502-1489535051.jpg?lm=1,N/A,06.09.1987,"St. Louis, Missouri",Retired
61,Jonathan Menéndez,Jonathan Diego Menéndez,24,1,3,1.171,N/A,Menéndez,Unknown,2,0,Real Salt Lake City,Attack - Left Winger,"1,64 m",Argentina,ar,https://www.transfermarkt.us/jonathan-menendez/profil/spieler/232142,https://img.a.transfermarkt.technology/portrait/small/232142-1645892981.jpg?lm=1,N/A,05.03.1994,Buenos Aires,CA San Martín (San Juan)
62,Pablo Campos,Unknown,28,2,3,900.000,N/A,Campos,Unknown,3,0,Real Salt Lake City,Attack - Centre-Forward,"1,91 m",Brazil,br,https://www.transfermarkt.us/pablo-campos/profil/spieler/13896,https://img.a.transfermarkt.technology/portrait/small/default.jpg?lm=1,N/A,29.11.1983,Rio de Janeiro,Retired
63,Jámison Olave,Jámison Olave Mosquera,190,16,2,16.294,N/A,Olave,Unknown,37,7,Real Salt Lake City,Defender - Centre-Back,"1,91 m",Colombia,co,https://www.transfermarkt.us/jamison-olave/profil/spieler/90569,https://img.a.transfermarkt.technology/portrait/small/90569-1464103412.jpg?lm=1,N/A,21.04.1981,Medellín,Retired
64,Sebastián Jaime,Sebastián Oscar Jaime,33,6,2,1.977,N/A,Jaime,Unknown,2,1,Real Salt Lake City,Attack - Centre-Forward,"1,80 m",Argentina,ar,https://www.transfermarkt.us/sebastian-jaime/profil/spieler/123013,https://img.a.transfermarkt.technology/portrait/small/123013-1592048851.jpg?lm=1,N/A,30.01.1987,La Plata,Retired
65,Fidel Barajas,Fidel Junior Barajas Juárez,18,1,2,646.000,N/A,Barajas,11,1,0,Real Salt Lake City,Attack - Right Winger,"1,75 m",Mexico,mx,https://www.transfermarkt.us/fidel-barajas/profil/spieler/994267,https://img.a.transfermarkt.technology/portrait/small/994267-1711316036.jpg?lm=1,N/A,05.04.2006,"Sacramento, California",D.C. United
66,Jamie Watson,Unknown,38,2,2,1.106,N/A,Watson,-,2,1,Real Salt Lake City,Midfield - Right Midfield,"1,73 m",United States,us,https://www.transfermarkt.us/jamie-watson/profil/spieler/39439,https://img.a.transfermarkt.technology/portrait/small/39439-1587908541.jpg?lm=1,N/A,10.04.1986,"Arlington, Texas",Retired
67,Justen Glad,Justen Thomas Glad,277,13,2,23.751,N/A,Glad,15,52,1,Real Salt Lake City,Defender - Centre-Back,"1,83 m",United States,us,https://www.transfermarkt.us/justen-glad/profil/spieler/334597,https://img.a.transfermarkt.technology/portrait/small/334597-1711315258.jpg?lm=1,N/A,28.02.1997,"Pasadena, California",Real Salt Lake City
68,Alecko Eskandarian,Unknown,17,1,2,1.428,N/A,Eskandarian,-,6,0,Real Salt Lake City,Attack - Centre-Forward,"1,75 m",United States,us,https://www.transfermarkt.us/alecko-eskandarian/profil/spieler/39409,https://img.a.transfermarkt.technology/portrait/small/39409-1599841573.jpg?lm=1,N/A,09.07.1982,"Montvale, New Jersey",Retired
69,Arturo Álvarez,José Arturo Álvarez Hernández,21,0,2,807.000,N/A,Álvarez,12,0,0,Real Salt Lake City,Attack - Left Winger,"1,75 m",El Salvador,sv,https://www.transfermarkt.us/arturo-alvarez/profil/spieler/39452,https://img.a.transfermarkt.technology/portrait/small/39452-1521309527.JPG?lm=1,N/A,28.06.1985,"Houston, Texas",Retired
70,Nick Besler,Unknown,97,2,2,5.270,N/A,Besler,Unknown,13,0,Real Salt Lake City,Midfield - Central Midfield,"1,85 m",United States,us,https://www.transfermarkt.us/nick-besler/profil/spieler/354597,https://img.a.transfermarkt.technology/portrait/small/354597-1645893220.jpg?lm=1,N/A,07.05.1993,"Overland Parks, Kansas",Without Club
71,Bobby Wood,Bobby Shou Wood,34,6,2,1.704,N/A,Wood,7,0,0,Real Salt Lake City,Attack - Centre-Forward,"1,80 m",United States,us,https://www.transfermarkt.us/bobby-wood/profil/spieler/72519,https://img.a.transfermarkt.technology/portrait/small/72519-1710266844.jpg?lm=1,N/A,15.11.1992,"Honolulu, Hawaii",Without Club
72,Dema Kovalenko,Коваленко Дмитро Геннадійович,24,2,2,1.817,N/A,Kovalenko,Unknown,8,0,Real Salt Lake City,Midfield - Defensive Midfield,,Ukraine,ua,https://www.transfermarkt.us/dema-kovalenko/profil/spieler/1457,https://img.a.transfermarkt.technology/portrait/small/1457-1587802270.jpg?lm=1,N/A,28.08.1977,Kiew,Retired
73,Chris Brown,Christopher Brown,60,7,2,3.507,N/A,Brown,Unknown,0,0,Real Salt Lake City,Attack - Second Striker,"1,80 m",United States,us,https://www.transfermarkt.us/chris-brown/profil/spieler/39402,https://img.a.transfermarkt.technology/portrait/small/39402-1587801527.jpg?lm=1,N/A,10.03.1977,"Portland, Oregon",Retired
74,David Horst,Unknown,21,0,2,1.458,N/A,Horst,Unknown,4,0,Real Salt Lake City,Defender - Centre-Back,"1,93 m",United States,us,https://www.transfermarkt.us/david-horst/profil/spieler/108746,https://img.a.transfermarkt.technology/portrait/small/108746-1521059104.jpg?lm=1,N/A,25.10.1985,"Pine Grove, Pennsylvania",Retired
75,Kenny Deuchar,Dr. Kenneth Robert John Deuchar,30,3,2,1.559,N/A,Deuchar,Unknown,4,0,Real Salt Lake City,Attack - Centre-Forward,"1,90 m",Scotland,unknown,https://www.transfermarkt.us/kenny-deuchar/profil/spieler/36701,https://img.a.transfermarkt.technology/portrait/small/default.jpg?lm=1,N/A,06.08.1980,Stirling,Retired
76,Freddy Adu,Fredua Koranteng Adu,11,1,2,899.000,N/A,Adu,-,1,0,Real Salt Lake City,Midfield - Attacking Midfield,"1,70 m",United States,us,https://www.transfermarkt.us/freddy-adu/profil/spieler/8518,https://img.a.transfermarkt.technology/portrait/small/8518-1524342808.JPG?lm=1,N/A,02.06.1989,Tema,Retired
77,Nelson Palacio,Nelson Daniel Palacio Ruiz,48,2,2,2.444,N/A,Palacio,25,6,0,Real Salt Lake City,Midfield - Central Midfield,"1,80 m",Colombia,co,https://www.transfermarkt.us/nelson-palacio/profil/spieler/842357,https://img.a.transfermarkt.technology/portrait/small/842357-1740418395.jpg?lm=1,N/A,16.06.2001,Apartadó,Real Salt Lake City
78,Sebastián Velásquez,Unknown,49,2,2,2.013,N/A,Velásquez,Unknown,2,0,Real Salt Lake City,Midfield - Attacking Midfield,"1,70 m",Colombia,co,https://www.transfermarkt.us/sebastian-velasquez/profil/spieler/217588,https://img.a.transfermarkt.technology/portrait/small/217588-1679145957.jpg?lm=1,N/A,11.02.1991,Medellín,Greenville Triumph SC
79,Danilo Acosta,Danilo Israel Acosta Martínez,29,0,2,2.306,N/A,Acosta,21,2,1,Real Salt Lake City,Defender - Left-Back,"1,80 m",Honduras,hn,https://www.transfermarkt.us/danilo-acosta/profil/spieler/375074,https://img.a.transfermarkt.technology/portrait/small/375074-1618677458.JPG?lm=1,N/A,17.11.1997,San Pedro Sula,Without Club
80,John Stertzer,John Patrick Stertzer,54,1,2,2.237,N/A,Stertzer,Unknown,7,0,Real Salt Lake City,Midfield - Attacking Midfield,"1,83 m",United States,us,https://www.transfermarkt.us/john-stertzer/profil/spieler/251425,https://img.a.transfermarkt.technology/portrait/small/251425-1489691855.jpg?lm=1,N/A,04.10.1990,"Oakton, Virginia",Retired
81,Jordan Allen,Jordan Evans Allen,58,4,2,2.713,N/A,Allen,-,5,1,Real Salt Lake City,Attack - Right Winger,"1,80 m",United States,us,https://www.transfermarkt.us/jordan-allen/profil/spieler/305383,https://img.a.transfermarkt.technology/portrait/small/305383-1521061496.jpg?lm=1,N/A,25.04.1995,"Rochester, New York",Retired
82,Emeka Eneli,Unknown,75,2,2,5.755,N/A,Unknown,Unknown,13,0,Real Salt Lake City,Unknown,Unknown,United States,us,https://www.transfermarkt.us/emeka-eneli/profil/spieler/670168,https://img.a.transfermarkt.technology/portrait/small/670168-1742221369.jpg?lm=1,N/A,18.10.1999,Unknown,Real Salt Lake City
83,Lovel Palmer,Unknown,21,0,1,1.482,N/A,Palmer,-,5,1,Real Salt Lake City,Defender - Right-Back,"1,78 m",Jamaica,jm,https://www.transfermarkt.us/lovel-palmer/profil/spieler/111930,https://img.a.transfermarkt.technology/portrait/small/111930-1495717535.jpg?lm=1,N/A,30.08.1984,Mandeville,Retired
84,Brian Dunseth,Brian William Dunseth,24,2,1,2.063,N/A,Dunseth,-,3,1,Real Salt Lake City,Defender - Centre-Back,"1,83 m",United States,us,https://www.transfermarkt.us/brian-dunseth/profil/spieler/16736,https://img.a.transfermarkt.technology/portrait/small/16736-1586367880.jpg?lm=1,N/A,02.03.1977,"Upland, Kalifornien",Retired
85,Nick Rimando,Nicholas Paul Rimando,420,0,1,37.728,N/A,Rimando,22,11,0,Real Salt Lake City,Goalkeeper,"1,75 m",United States,us,https://www.transfermarkt.us/nick-rimando/profil/spieler/39434,https://img.a.transfermarkt.technology/portrait/small/39434-1549875750.jpg?lm=1,N/A,17.06.1979,"Montclair, Kalifornien",Retired
86,Omar Holness,Omar Duke Holness,20,1,1,631.000,N/A,Holness,6,2,0,Real Salt Lake City,Midfield - Central Midfield,"1,83 m",Jamaica,jm,https://www.transfermarkt.us/omar-holness/profil/spieler/189758,https://img.a.transfermarkt.technology/portrait/small/189758-1489535481.jpg?lm=1,N/A,13.03.1994,Kingston,Hednesford Town
87,Diogo Gonçalves,Diogo António Cupido Gonçalves,18,3,1,1.141,N/A,Gonçalves,11,0,0,Real Salt Lake City,Midfield - Attacking Midfield,"1,78 m",Portugal,pt,https://www.transfermarkt.us/diogo-goncalves/profil/spieler/258015,https://img.a.transfermarkt.technology/portrait/small/258015-1742221378.jpg?lm=1,N/A,06.02.1997,Almodôvar,Real Salt Lake City
88,Leslie Fitzpatrick,Unknown,18,0,1,716.000,N/A,Fitzpatrick,34,0,0,Real Salt Lake City,Defender - Left-Back,"1,70 m",Trinidad and Tobago,tt,https://www.transfermarkt.us/leslie-fitzpatrick/profil/spieler/18464,https://img.a.transfermarkt.technology/portrait/small/18464-1603014680.jpg?lm=1,N/A,11.11.1978,Port of Spain,Retired
89,Rusty Pierce,Rusty Curtis Pierce,15,0,1,1.200,N/A,Pierce,-,3,0,Real Salt Lake City,Defender - Centre-Back,"1,78 m",United States,us,https://www.transfermarkt.us/rusty-pierce/profil/spieler/39053,https://img.a.transfermarkt.technology/portrait/small/39053-1589410734.jpg?lm=1,N/A,24.07.1979,"Woodlands, Texas",Retired
90,Bertin Jacquesson,Unknown,13,0,1,454.000,N/A,Jacquesson,Unknown,0,0,Real Salt Lake City,Attack - Right Winger,"1,83 m",France,fr,https://www.transfermarkt.us/bertin-jacquesson/profil/spieler/1088719,https://img.a.transfermarkt.technology/portrait/small/1088719-1711315665.jpg?lm=1,N/A,20.01.2001,Lorrez-la-Bocage,Pittsburgh Riverhounds SC
91,Jordan Cila,Unknown,12,3,1,646.000,N/A,Cila,-,1,0,Real Salt Lake City,Midfield - Attacking Midfield,"1,78 m",United States,us,https://www.transfermarkt.us/jordan-cila/profil/spieler/26997,https://img.a.transfermarkt.technology/portrait/small/26997-1664050633.jpg?lm=1,N/A,11.04.1982,Jericho,Retired
92,Duncan Tarley,Duncan Melvin Tarley,9,1,1,729.000,N/A,Tarley,18,0,0,Real Salt Lake City,Attack - Centre-Forward,"1,85 m",Liberia,lr,https://www.transfermarkt.us/duncan-tarley/profil/spieler/44669,https://img.a.transfermarkt.technology/portrait/small/44669-1587831708.jpg?lm=1,N/A,31.10.1982,Monrovia,Retired
93,Jack Stewart,Unknown,25,0,1,1.994,N/A,Stewart,27,2,1,Real Salt Lake City,Defender - Centre-Back,"1,80 m",Canada,ca,https://www.transfermarkt.us/jack-stewart/profil/spieler/39297,https://img.a.transfermarkt.technology/portrait/small/default.jpg?lm=1,N/A,29.05.1983,"Torrance, Kalifornien",Retired
94,Robert Scarlett,Robert Anthony Scarlett,9,0,1,720.000,N/A,Scarlett,-,0,0,Real Salt Lake City,Defender - Left-Back,"1,70 m",Jamaica,jm,https://www.transfermarkt.us/robert-scarlett/profil/spieler/99928,https://img.a.transfermarkt.technology/portrait/small/default.jpg?lm=1,N/A,14.01.1979,Kingston,Retired
95,Dante Washington,Dante Deneen Washington,9,0,1,282.000,N/A,Washington,20,0,0,Real Salt Lake City,Attack - Centre-Forward,"1,80 m",United States,us,https://www.transfermarkt.us/dante-washington/profil/spieler/51449,https://img.a.transfermarkt.technology/portrait/small/51449-1579451882.jpg?lm=1,N/A,21.11.1970,"Baltimore, Maryland",Retired
96,Zavier Gozo,Zavier Didier Tapei Gozo,5,0,1,101.000,N/A,Gozo,-,0,0,Real Salt Lake City,Attack - Centre-Forward,"1,80 m",United States,us,https://www.transfermarkt.us/zavier-gozo/profil/spieler/1007383,https://img.a.transfermarkt.technology/portrait/small/1007383-1742221440.jpg?lm=1,N/A,22.03.2007,"West Valley City, Utah",Real Monarchs SLC
97,Terukazu Tanaka,田中 輝和,5,0,1,370.000,N/A,Tanaka,Unknown,0,0,Real Salt Lake City,Midfield - Right Midfield,"1,72 m",Japan,jp,https://www.transfermarkt.us/terukazu-tanaka/profil/spieler/79711,https://img.a.transfermarkt.technology/portrait/small/default.jpg?lm=1,N/A,14.07.1985,"Ibaraki, Osaka",Retired
98,Luke Kreamalmeyer,Unknown,6,0,1,249.000,N/A,Kreamalmeyer,Unknown,0,0,Real Salt Lake City,Midfield - Attacking Midfield,"1,75 m",United States,us,https://www.transfermarkt.us/luke-kreamalmeyer/profil/spieler/71804,https://img.a.transfermarkt.technology/portrait/small/default.jpg?lm=1,N/A,28.09.1982,"Edwardsville, Illinois",Retired
99,Khari Stephenson,Khari Lasana Stewart Stephenson,25,3,1,1.065,N/A,Stephenson,-,3,0,Real Salt Lake City,Midfield - Attacking Midfield,"1,87 m",Jamaica,jm,https://www.transfermarkt.us/khari-stephenson/profil/spieler/26852,https://img.a.transfermarkt.technology/portrait/small/26852-1601203038.jpg?lm=1,N/A,18.01.1981,Kingston,Retired
100,Jonny Steele,Jonathan Steele,34,2,1,1.387,N/A,Steele,17,6,0,Real Salt Lake City,Midfield - Left Midfield,"1,82 m",Northern Ireland,unknown,https://www.transfermarkt.us/jonny-steele/profil/spieler/89440,https://img.a.transfermarkt.technology/portrait/small/89440-1495725436.png?lm=1,N/A,07.02.1986,Larne,Without Club
